"First author","Study accession","Publication date",Journal,Title,"Reported trait",Trait(s),"Discovery sample description","Replication sample description","Discovery sample number and ancestry","Replication sample number and ancestry","Association count","Summary statistics"
"Park SY",GCST007520,2019-01-18,"Clin Exp Allergy","Longitudinal analysis to better characterize Asthma-COPD Overlap Syndrome (ACOS): Findings from an adult asthma cohort in Korea (COREA).","Asthma-chronic obstructive pulmonary disease overlap syndrome in asthma","Chronic Obstructive Asthma, asthma","228 Korean ancestry asthma-COPD overlap syndrome cases 731 Korean ancestry asthma cases",NA,"959 East Asian",'-,0,NA
"Li X",GCST000576,2010-02-01,"J Allergy Clin Immunol","Genome-wide association study of asthma identifies RAD50-IL13 and HLA-DR/DQ regions.",Asthma,asthma,"607 European ancestry cases 3,294 European ancestry controls",NA,"3901 European",'-,3,NA
"Himes BE",GCST000768,2010-08-10,"BMC Med Genet","Asthma-susceptibility variants identified using probands in case-control and family-based analyses.",Asthma,asthma,"359 European ancestry cases 846 European ancestry controls","583 Costa Rican ancestry trios1,181 European ancestry cases7,369 European ancestry controls",'-,'-,0,NA
"Kim SH",GCST000330,2009-02-01,"Clin Exp Allergy","Alpha-T-catenin (CTNNA3) gene was identified as a risk variant for toluene diisocyanate-induced asthma by genome-wide association analysis.","Asthma (toluene diisocyanate-induced)",asthma,"84 Korean ancestry cases 263 Korean ancestry controls",NA,"347 East Asian",'-,3,NA
"Tantisira KG",GCST001495,2012-04-26,"Am J Respir Crit Care Med","Genome-wide association identifies the T gene as a novel asthma pharmacogenetic locus.",Asthma,asthma,"418 European ancestry cases","407 European ancestry cases","418 European","407 European",1,NA
"Anantharaman R",GCST001360,2011-12-21,"BMC Med Genet","Genome-wide association study identifies PERLD1 as asthma candidate gene.",Asthma,asthma,"490 Chinese ancestry cases 490 Chinese ancestry controls","521 Chinese ancestry cases524 Chinese ancestry controls","980 East Asian","1045 East Asian",0,NA
"Karunas AS",GCST001306,2011-11-01,"Mol Biol (Mosk)","[Genome-wide association study of bronchial asthma in the Volga-Ural region of Russia].",Asthma,asthma,"141 Russian ancestry cases 120 Tatar ancestry cases 69 Bashkir ancestry cases 145 Russian ancestry controls 111 Tatar ancestry controls 92 Bashkir ancestry controls","202 RussianTatarand Bashkir ancestry cases109 Russian ancestry controls54 Tatar ancestry controls53 Bashkir ancestry controls","678 Other","418 Other",0,NA
"Li X",GCST001564,2012-06-11,"J Allergy Clin Immunol","Genome-wide association studies of asthma indicate opposite immunopathogenesis direction from autoimmune diseases.",Asthma,asthma,"813 European ancestry cases 1,011 European ancestry controls","TENOR and GABRIEL studies","1824 European","NA NR",0,NA
"Du R",GCST001309,2011-11-01,"J Allergy Clin Immunol","Genome-wide association study reveals class I MHC-restricted T cell-associated molecule gene (CRTAM) variants interact with vitamin D levels to affect asthma exacerbations.",Asthma,asthma,"395 European ancestry child cases","584 Hispanic child cases","395 European","584 Hispanic or Latin American",0,NA
"Murk W",GCST003682,2016-07-07,"BMC Genet","Genome-wide search identifies a gene-gene interaction between 20p13 and 2q14 in asthma.","Asthma (SNP x SNP interaction)",asthma,"802 European ancestry cases 823 European ancestry controls","754 European ancestry cases57 European and unknown ancestry cases2,573 cases880 European ancestry controls68 European and unknown ancestry controls2,145 controls","1625 European","1634 European125 NR, European4718 NR",0,NA
"Condreay L",GCST005115,2017-10-26,"Respir Med","No genetic association detected with mepolizumab efficacy in severe asthma.","Response to mepolizumab in severe asthma","response to mepolizumab, asthma","820 European ancestry individuals",NA,"820 European",'-,2,NA
"Bérubé JC",GCST003521,2016-05-04,"Can Respir J","Identification of Susceptibility Genes of Adult Asthma in French Canadian Women.",Asthma,asthma,"240 French Canadian ancestry cases 120 French Canadian ancestry controls","342 French Canadian ancestry cases213 European ancestry cases261 French Canadian ancestry controls142 European ancestry controls","360 European","958 European",0,NA
"Mosteller M",GCST003567,2016-07-05,"J Allergy Clin Immunol","No evidence of large genetic effects on steroid response in asthma patients.","Response to inhaled corticosteroid treatment in asthma (change in FEV1)","FEV change measurement, response to corticosteroid, asthma","2,672 cases",NA,"2672 European, Hispanic or Latin American, African unspecified, Asian unspecified, Native American, Other",'-,0,NA
"Zhu Z",GCST007562,2018-05-21,"Nat Genet","A genome-wide cross-trait analysis from UK Biobank highlights the shared genetic architecture of asthma and allergic diseases.",Asthma,asthma,"14,085 European ancestry cases 76,768 European ancestry controls","10,365 cases16,110 controls","90853 European","26475 NR",6,"FTP Download"
"Park SY",GCST007519,2019-01-18,"Clin Exp Allergy","Longitudinal analysis to better characterize Asthma-COPD Overlap Syndrome (ACOS): Findings from an adult asthma cohort in Korea (COREA).","Adult asthma",asthma,"731 Korean ancestry cases 5,915 Korean ancestry controls",NA,"7271 East Asian",'-,2,NA
"Park SY",GCST007521,2019-01-18,"Clin Exp Allergy","Longitudinal analysis to better characterize Asthma-COPD Overlap Syndrome (ACOS): Findings from an adult asthma cohort in Korea (COREA).","Asthma-chronic obstructive  pulmonary disease overlap syndrome","Chronic Obstructive Asthma","228 Korean ancestry cases 5,915 Korean ancestry controls",NA,"6143 East Asian",'-,5,NA
"Himes BE",GCST000389,2009-05-07,"Am J Hum Genet","Genome-wide association analysis identifies PDE4D as an asthma-susceptibility gene.",Asthma,asthma,"359 European ancestry cases 846 European ancestry controls","2,981 European ancestry cases12,358 European ancestry controls769 European ancestry and hispanic cases1,007 European ancestry and hispanic controls592 Hispanic cases with their 1,184 Hispanic parental controls2,258 African American cases3,006 African American controls","1205 European","1776 Hispanic or Latin American1776 European, Hispanic or Latin American5264 African American or Afro-Caribbean15339 European",1,NA
"Moffatt MF",GCST000804,2010-09-23,"N Engl J Med","A large-scale, consortium-based genomewide association study of asthma.",Asthma,asthma,"10,365 cases 16,110 controls",NA,"26475 European, Other",'-,10,NA
"Ege MJ",GCST000934,2011-01-01,"J Allergy Clin Immunol","Gene-environment interaction for childhood asthma and exposure to farming in Central Europe.","Asthma or atopy (farm exposure interaction)","farm exposure measurement, asthma","850 European asthmatic child cases 348 European atopic child cases 510 European child controls",NA,"1708 European",'-,0,NA
"Ferreira MA",GCST000910,2010-12-08,"Eur J Hum Genet","Association between ORMDL3, IL1RL1 and a deletion on chromosome 17q21 with asthma risk in Australia.",Asthma,asthma,"986 European ancestry cases 1,846 European ancestry controls","391 European ancestry cases213 European ancestry controls","2832 European","604 European",1,NA
"Duan QL",GCST001911,2013-03-19,"Pharmacogenomics J","A genome-wide association study of bronchodilator response in asthmatics.","Asthma (bronchodilator response)","response to bronchodilator, asthma","403 European ancestry asthmatic children and their parents","764 European ancestry cases592 Costa Rican ancestry cases","403 European","1220 European592 Hispanic or Latin American",2,NA
"Israel E",GCST002796,2015-03-01,"Am J Respir Crit Care Med","Genome-wide association study of short-acting β2-agonists. A novel genome-wide significant locus on chromosome 2 near ASB3.","Bronchodilator response in asthma","response to bronchodilator, asthma","724 European ancestry individuals","439 European ancestry individuals","724 European","439 European",1,NA
"Galanter JM",GCST002330,2014-01-07,"J Allergy Clin Immunol","Genome-wide association study and admixture mapping identify different asthma-associated loci in Latinos: the Genes-environments &amp; Admixture in Latino Americans study.",Asthma,asthma,"1,893 Latin American cases 1,881 Latin American controls","EVE Asthma Consortiumsee Torgerson et al.2011","3774 Hispanic or Latin American","NA NR, Hispanic or Latin American",0,NA
"Wu AC",GCST002291,2013-11-23,"J Allergy Clin Immunol","Inhaled corticosteroid treatment modulates ZNF432 gene variant's effect on bronchodilator response in asthmatics.","Bronchodilator response in asthma (inhaled corticosteroid treatment interaction)","response to bronchodilator, response to corticosteroid, asthma","172 European ancestry cases 409 European ancestry controls","227 European ancestry cases","581 European","227 European",5,NA
"Moffatt MF",GCST000061,2007-07-26,Nature,"Genetic variants regulating ORMDL3 expression contribute to the risk of childhood asthma.",Asthma,asthma,"994 European ancestry cases 1,243 European ancestry controls","200 European ancestry cases2,120 European ancestry controls","2187 European","2320 European",1,NA
"Wang Y",GCST002754,2015-01-20,"Pharmacogenomics J","Pharmacodynamic genome-wide association study identifies new responsive loci for glucocorticoid intervention in asthma.","Response to inhaled glucocorticoid treatment in asthma (change in FEV1)","FEV change measurement, response to glucocorticoid, asthma","120 individuals","410 individuals","120 NR","410 NR",2,NA
"Forno E",GCST004108,2017-02-04,"J Allergy Clin Immunol","Genome-wide interaction study of dust mite allergen on lung function in children with asthma.","Lung function (FEV1/FVC) in asthma (dust mite allergen exposure interaction)","allergen exposure measurement, asthma, FEV/FEC ratio","440 Puerto Rican ancestry child cases","497 European ancestry child cases605 Hispanic child cases","440 Hispanic or Latin American","605 Hispanic or Latin American497 European",2,NA
"Forno E",GCST004107,2017-02-04,"J Allergy Clin Immunol","Genome-wide interaction study of dust mite allergen on lung function in children with asthma.","Lung function (FEV1) in asthma (dust mite allergen exposure interaction)","forced expiratory volume, allergen exposure measurement, asthma","440 Puerto Rican ancestry child cases","497 European ancestry child cases605 Hispanic child cases","440 Hispanic or Latin American","497 European605 Hispanic or Latin American",5,NA
"Barreto-Luis A",GCST003176,2015-11-24,"J Allergy Clin Immunol","Genome-wide association study in Spanish identifies ADAM metallopeptidase with thrombospondin type 1 motif, 9 (ADAMTS9), as a novel asthma susceptibility gene.",Asthma,asthma,"352 European ancestry cases 537 European ancestry controls","828 European ancestry cases1,378 European ancestry controls","889 European","2206 European",2,NA
"Kim JH",GCST002122,2013-08-13,"PLoS One","A genome-wide association study of total serum and mite-specific IgEs in asthma patients.","IgE levels in asthmatics","serum IgE measurement, asthma","877 Korean ancestry cases",NA,"877 East Asian",'-,4,NA
"Kim JH",GCST002124,2013-08-13,"PLoS One","A genome-wide association study of total serum and mite-specific IgEs in asthma patients.","IgE levels in asthmatics (D.p. specific)","serum IgE measurement, asthma","329 Korean ancestry D.p.-positive cases 548 Korean ancestry D.p.-negative cases",NA,"877 East Asian",'-,3,NA
"Kim JH",GCST002125,2013-08-13,"PLoS One","A genome-wide association study of total serum and mite-specific IgEs in asthma patients.","IgE levels in asthmatics (D.f. specific)","serum IgE measurement, asthma","404 Korean ancestry D.f.-positive cases 473 Korean ancestry D.f.-negative cases",NA,"877 East Asian",'-,2,NA
"Wu K",GCST002608,2014-09-15,"Am J Respir Crit Care Med","Genome-wide interrogation of longitudinal FEV1 in children with asthma.","Pulmonary function in asthmatics","pulmonary function measurement, asthma","510 European ancestry",NA,"510 European",'-,6,NA
"Lasky-Su J",GCST001763,2012-12-04,"Clin Exp Allergy","HLA-DQ strikes again: genome-wide association study further confirms HLA-DQ in the diagnosis of asthma among adults.",Asthma,asthma,"1,238 European ancestry cases, up to  2,617 European ancestry controls","Up to 1,837 European ancestry casesup to 3,803 European ancestry controlsup to 2,806 casesup to 2,150 controlsup to 603 Costa Rican ancestry cases and their parents","3855 European","4956 NR5640 European1809 Hispanic or Latin American",1,NA
"DeWan AT",GCST000819,2010-10-01,"J Allergy Clin Immunol","PDE11A associations with asthma: results of a genome-wide association scan.",Asthma,asthma,"28 European ancestry child cases 19 European ancestry child controls 11 African American child cases 4 African American child controls 18 Hispanic child cases 14 Hispanic child controls 9 Biracial child cases 5 Biracial child controls","18 European ancestry child cases367 European ancestry child controls1 African American child cases28 African American child controls6 Hispanic child cases28 Hispanic child controls13 Biracial child cases38 Biracial child controls","47 European32 Hispanic or Latin American14 Other15 African American or Afro-Caribbean","29 African American or Afro-Caribbean385 European34 Hispanic or Latin American51 Other",0,NA
"Nieuwenhuis MA",GCST003589,2016-07-20,Allergy,"Combining genomewide association study and lung eQTL analysis provides evidence for novel genes associated with asthma.","Bronchial hyperresponsiveness in asthma",asthma,"920 Dutch ancestry cases 980 Dutch ancestry controls","2,589 European ancestry cases473 cases6,702 European ancestry controls1,892 controls","1900 NR","2365 NR9291 European",1,NA
"Yan Q",GCST004390,2017-05-01,"Eur Respir J","A meta-analysis of genome-wide association studies of asthma in Puerto&nbsp;Ricans.",Asthma,asthma,"1,666 Puerto Rican child cases 478 Puerto Rican adult cases 1,505 Puerto Rican child controls 1,388 Puerto Rican adult controls",NA,"5037 Hispanic or Latin American",'-,3,NA
"Sleiman PM",GCST000548,2009-12-23,"N Engl J Med","Variants of DENND1B associated with asthma in children.",Asthma,asthma,"793 European ancestry cases 1,988 European ancestry controls","917 European ancestry cases1,546 European ancestry controls1,667 African American cases2,045 African American controls","2781 European","2463 European3712 African American or Afro-Caribbean",2,NA
"Wan YI",GCST001508,2012-05-05,Thorax,"Genome-wide association study to identify genetic determinants of severe asthma.",Asthma,asthma,"933 European ancestry cases 3,346 European ancestry controls","231 European ancestry cases1,345 European ancestry controls","4279 European","1576 European",7,NA
"Hirota T",GCST001183,2011-07-31,"Nat Genet","Genome-wide association study identifies three new susceptibility loci for adult asthma in the Japanese population.",Asthma,asthma,"1,532 Japanese ancestry cases 3,304 Japanese ancestry controls","5,639 Japanese ancestry cases24,608 Japanese ancestry controls","4836 East Asian","30247 East Asian",14,NA
"Ramasamy A",GCST001701,2012-09-28,"PLoS One","Genome-wide association studies of asthma in population-based cohorts confirm known and suggested loci and identify an additional association near HLA.",Asthma,asthma,"1,716 European ancestry cases 16,888 European ancestry controls","4,035 European ancestry cases11,251 European ancestry controls","18604 European","15286 European",2,NA
"Himes BE",GCST001597,2012-07-05,"PLoS Genet","Genome-wide association analysis in asthma subjects identifies SPATS2L as a novel bronchodilator response gene.","Asthma (bronchodilator response)","response to bronchodilator, asthma","1,644 European ancestry cases","1,051 European ancestry cases","1644 European","1051 European",1,NA
"Ferreira MA",GCST001226,2011-09-10,Lancet,"Identification of IL6R and chromosome 11q13.5 as risk loci for asthma.",Asthma,asthma,"12,475 European ancestry cases 19,967 European ancestry controls","3,322 European ancestry cases22,036 European ancestry controls","32442 European","25358 European",4,NA
"Noguchi E",GCST001172,2011-07-21,"PLoS Genet","Genome-wide association study identifies HLA-DP as a susceptibility gene for pediatric asthma in Asian populations.",Asthma,asthma,"938 Japanese ancestry cases 2,376 Japanese ancestry controls","1653 East Asian ancestry cases1453 East Asian ancestry controls","3106 East Asian","3106 East Asian",2,NA
"Bunyavanich S",GCST002552,2014-08-02,"BMC Med Genomics","Integrated genome-wide association, coexpression network, and expression single nucleotide polymorphism analysis identifies novel pathway in allergic rhinitis.","Allergic rhinitis in asthma","allergic rhinitis, asthma","623 European ancestry cases 102 9 Latino cases 399 African American/Afro-Caribbean cases 488 European ancestry controls 545 Latino controls 162 African American/Afro-Caribbean controls",NA,"1111 European561 African American or Afro-Caribbean, European, Hispanic or Latin American1574 Hispanic or Latin American",'-,1,NA
"Park TJ",GCST002432,2014-04-30,"Clin Chim Acta","Genome-wide association study identifies ALLC polymorphisms correlated with FEV₁ change by corticosteroid.","Response to inhaled corticosteroid treatment in asthma (change in FEV1)","FEV change measurement, response to corticosteroid, asthma","189 Korean ancestry cases",NA,"189 East Asian",'-,10,NA
"Myers RA",GCST002445,2014-05-13,"Hum Mol Genet","Genome-wide interaction studies reveal sex-specific asthma risk alleles.","Asthma (sex interaction)","sex interaction measurement, asthma","1,052 European ancestry male cases 1,019 European ancestry female cases 709 European ancestry male controls 826 European ancestry female controls 675 African American/African Caribbean male cases 837 African American/African Caribbean female cases 577 African American/African Caribbean male controls 926 African American/African Caribbean female controls 926 Latino male cases 710 Latino female cases 410 Latino male controls 382 Latino female controls",NA,"3606 European3015 African American or Afro-Caribbean2428 Hispanic or Latin American",'-,6,NA
"Mathias RA",GCST000525,2009-11-10,"J Allergy Clin Immunol","A genome-wide association study on African-ancestry populations for asthma.",Asthma,asthma,"464 African American cases 471 African American controls 355 African Caribbean ancestry cases and  574 African Caribbean ancestry controls from  163 families","994 European ancestry cases1,243 European ancestry controls2,331 African American cases2,874 African American controls","1864 African American or Afro-Caribbean","5205 African American or Afro-Caribbean2237 European",0,NA
"Pickrell JK",GCST003987,2016-05-16,"Nat Genet","Detection and interpretation of shared genetic influences on 42 human traits.",Asthma,asthma,"28,399 European ancestry cases 128,843 European ancestry controls",NA,"157242 European",'-,27,NA
"Drake KA",GCST002154,2013-08-29,"J Allergy Clin Immunol","A genome-wide association study of bronchodilator response in Latinos implicates rare variants.","Asthma (bronchodilator response)","response to bronchodilator, asthma","1,782 Latino child cases","529 Latino child cases","1782 Hispanic or Latin American","529 Hispanic or Latin American",0,NA
"Almoguera B",GCST003833,2016-09-09,"Am J Respir Crit Care Med","Identification of Four Novel Loci in Asthma in European American and African American Populations.","Adult asthma",asthma,"337 African American allergic asthma cases 321 African American non-allergic asthma cases 1,367 African American controls 466 European American allergic asthma cases 626 European American non-allergic asthma cases 7,878 European American controls",NA,"8970 European2025 African American or Afro-Caribbean",'-,24,NA
"Almoguera B",GCST003832,2016-09-09,"Am J Respir Crit Care Med","Identification of Four Novel Loci in Asthma in European American and African American Populations.","Asthma (childhood onset)",asthma,"1,181 African American allergic asthma child cases 498 African American non-allergic asthma child cases 2,993 African American child controls 998 European American allergic asthma child cases 182 European American non-allergic asthma child cases 4,097 European American child controls.",NA,"5372 African American or Afro-Caribbean5277 European",'-,27,NA
"Melén E",GCST001945,2013-04-01,"Clin Exp Allergy","Genome-wide association study of body mass index in 23 000 individuals with and without asthma.","Body mass index in asthmatics","body mass index, asthma","1,881 European ancestry children 810 children 2,643 European ancestry adult individuals 817 adult individuals","979 European ancestry children921 Hispanic children120 children","4524 European1456 NR171 Other","120 NR921 Hispanic or Latin American979 European",6,NA
"Smolonska J",GCST002519,2014-07-03,"Eur Respir J","Common genes underlying asthma and COPD? Genome-wide analysis on the Dutch hypothesis.","Asthma or chronic obstructive pulmonary disease","chronic obstructive pulmonary disease, asthma","920 European ancestry Asthma cases 1,030 European ancestry Chronic obstructive pulmonary disease cases 4,585 European ancestry controls","461 European ancestry Asthma cases118 European ancestry Chronic obstructive pulmonary disease cases656 European ancestry controls720 EuropeanAfrican American and Hispanic Asthma cases1,019 EuropeanAfrican American and Hispanic Chronic obstructive pulmonary disease cases19,173 EuropeanAfrican American and Hispanic controls1,106 Asthma cases1,806 Chronic obstructive pulmonary disease cases18,580 controls","6535 European","1235 European21492 NR20912 African American or Afro-Caribbean, European, Hispanic or Latin American",3,NA
"Ferreira MA",GCST002322,2013-12-30,"J Allergy Clin Immunol","Genome-wide association analysis identifies 11 risk variants associated with the asthma with hay fever phenotype.","Asthma and hay fever","seasonal allergic rhinitis, asthma","6,685 European ancestry cases 14,091 European ancestry controls","878 European ancestry cases2,455 European ancestry controls","20776 European","3333 European",21,NA
"Torgerson DG",GCST001182,2011-07-31,"Nat Genet","Meta-analysis of genome-wide association studies of asthma in ethnically diverse North American populations.",Asthma,asthma,"2,088 European ancestry cases 1,612 African American and African Caribbean cases 1,688 Hispanic cases","2,727 European ancestry cases2,147 African American and African Caribbean cases2,299 Hispanic cases","1688 Hispanic or Latin American2088 European1612 African American or Afro-Caribbean","2727 European2299 Hispanic or Latin American2147 African American or Afro-Caribbean",7,NA
"Almoguera B",GCST003831,2016-09-09,"Am J Respir Crit Care Med","Identification of Four Novel Loci in Asthma in European American and African American Populations.",Asthma,asthma,"819 African American non-allergic asthma cases 2,218 African American allergic asthma cases  4,360 African American controls 808 European American non-allergic asthma cases 1,464 European American allergic asthma cases 11,975 European American controls",NA,"14247 European7397 African American or Afro-Caribbean",'-,49,NA
"Zhu Z",GCST007563,2018-05-21,"Nat Genet","A genome-wide cross-trait analysis from UK Biobank highlights the shared genetic architecture of asthma and allergic diseases.","Allergic disease (asthma, hay fever or eczema)","allergy, asthma","25,685 European ancestry allergic diseases cases 76,768 European ancestry controls",NA,"102453 European",'-,33,"FTP Download"
"Zhu Z",GCST007564,2018-05-21,"Nat Genet","A genome-wide cross-trait analysis from UK Biobank highlights the shared genetic architecture of asthma and allergic diseases.","Asthma or allergic disease (pleiotropy)","allergy, asthma","14,085 European asthma cases 25,685 European ancestry allergic diseases cases 76,768 European ancestry controls",NA,"116538 European",'-,38,NA
"Shrine N",GCST006911,2018-12-11,"Lancet Respir Med","Moderate-to-severe asthma in individuals of European ancestry: a genome-wide association study.","Asthma (moderate or severe)",asthma,"5,135 European ancestry cases 25,675 European ancestry controls","5,414 European ancestry cases21,471 European ancestry controls","30810 European","26885 European",27,"FTP Download"
"Daya M",GCST007266,2019-02-20,"Nat Commun","Association study in African-admixed populations across the Americas recapitulates asthma risk loci in non-African populations.","Adult asthma",asthma,"4,235 African American Afro-Caribbean cases 5,283 African American Afro-Caribbean controls 277 4 Hispanic cases 2,362 Hispanic controls",NA,"5136 Hispanic or Latin American9518 African American or Afro-Caribbean",'-,11,"FTP Download"
"Ferreira MAR",GCST007797,2019-03-28,"Am J Hum Genet","Genetic Architectures of Childhood- and Adult-Onset Asthma Are Partly Distinct.","Asthma onset (childhood vs adult)","age at onset, asthma","13,962 European ancestry childhood onset cases 14,873 European ancestry adult onset cases","31,002 European ancestry childhood onset cases16,297 European ancestry adult onset cases","28835 European","47299 European",55,NA
"Vonk JM",GCST004220,2017-03-02,"PLoS One","Adult onset asthma and interaction between genes and active tobacco smoking: The GABRIEL consortium.","Adult onset asthma (smoking interaction)","smoking behavior, adult onset asthma","673 European ancestry exposed cases 651 European ancestry non-exposed cases 1,434 European ancestry exposed controls 1,299 European ancestry non-exposed controls","225 European ancestry exposed cases141 European ancestry tobacco non-exposed cases7,271 European ancestry exposed controls4,838 European ancestry non-exposed controls","4057 European","12475 European",0,NA
"Vonk JM",GCST004221,2017-03-02,"PLoS One","Adult onset asthma and interaction between genes and active tobacco smoking: The GABRIEL consortium.","Adult onset asthma in non-smokers","adult onset asthma","651 European ancestry cases 1,299 European ancestry controls","141 European ancestry cases4,838 European ancestry controls","1950 European","4979 European",0,NA
"Vonk JM",GCST004222,2017-03-02,"PLoS One","Adult onset asthma and interaction between genes and active tobacco smoking: The GABRIEL consortium.","Adult onset asthma in ever-smokers","smoking behavior, adult onset asthma","673 European ancestry cases 1,434 European ancestry controls","225 European ancestry cases7,271 European ancestry controls","2107 European","7496 European",0,NA
"Yucesoy B",GCST002875,2015-04-26,"Toxicol Sci","Genome-Wide Association Study Identifies Novel Loci Associated With Diisocyanate-Induced Occupational Asthma.","Diisocyanate-induced asthma","response to diisocyanate, asthma","74 European ancestry cases 824 European ancestry controls",NA,"898 European",'-,180,NA
"Demenais F",GCST005212,2017-12-22,"Nat Genet","Multiancestry association study identifies new asthma risk loci that colocalize with immune-cell enhancer marks.",Asthma,asthma,"19,954 European ancestry cases 107,715 European ancestry controls 2,149 African ancestry cases 6,055 African ancestry controls 1,239 Japanese ancestry cases 3,976 Japanese ancestry controls 606 Latino cases 792 Latino controls",NA,"5215 East Asian1398 Hispanic or Latin American8204 African unspecified, African American or Afro-Caribbean127669 European",'-,40,"FTP Download&nbsp;&nbsp;or&nbsp;&nbsp;API access"
"Demenais F",GCST006862,2017-12-22,"Nat Genet","Multiancestry association study identifies new asthma risk loci that colocalize with immune-cell enhancer marks.",Asthma,asthma,"19,954 European ancestry cases 107,715 European ancestry controls",NA,"127669 European",'-,24,"FTP Download&nbsp;&nbsp;or&nbsp;&nbsp;API access"
"Olafsdottir TA",GCST009798,2020-01-20,"Nat Commun","Eighty-eight variants highlight the role of T cell regulation and airway remodeling in asthma pathogenesis.",Asthma,asthma,"16,247 European ancestry cases 346,486 European ancestry controls 52,942 cases 355,713 controls",NA,"408655 NR378980 European",'-,88,NA
"Ferreira MAR",GCST007798,2019-03-28,"Am J Hum Genet","Genetic Architectures of Childhood- and Adult-Onset Asthma Are Partly Distinct.",Asthma,asthma,"40,544 European ancestry cases 300,671 European ancestry controls",NA,"341215 European",'-,160,NA
"Ricci G",GCST000979,2011-02-16,"PLoS One","Pooled genome-wide analysis to identify novel risk loci for pediatric allergic asthma.","Asthma (childhood onset)","childhood onset asthma","135 European ancestry asthma child cases 134 European ancestry rhinoconjunctivitis child cases","35 asthma child cases44 rhinoconjunctivitis child cases","269 European","79 NR",0,NA
"Hancock DB",GCST000468,2009-08-28,"PLoS Genet","Genome-wide association study implicates chromosome 9q21.31 as a susceptibility locus for asthma in mexican children.","Asthma (childhood onset)","childhood onset asthma","492 Mexican ancestry trios","177 Mexican ancestry trios","1476 Hispanic or Latin American","531 Hispanic or Latin American",1,NA
"Sugier PE",GCST009237,2019-08-04,"Clin Exp Allergy","Genome-wide interaction study of early-life smoking exposure on time-to-asthma onset in childhood.","Asthma (childhood onset)","childhood onset asthma, age at onset","5,086 European ancestry individuals",NA,"5086 European",'-,1,NA
"White MJ",GCST003482,2016-05-03,Immunogenetics,"Novel genetic risk factors for asthma in African American children: Precision Medicine and the SAGE II Study.","Asthma (childhood onset)","childhood onset asthma","812 African American child cases 415 African American child controls",NA,"1227 African American or Afro-Caribbean",'-,3,NA
"Hayden LP",GCST007508,2018-10-29,"Respir Res","Childhood asthma is associated with COPD and known asthma variants in COPDGene: a genome-wide association study.","Self-reported childhood asthma in adult smokers","childhood onset asthma, smoking status measurement","385 European ancestry cases 497 9 European ancestry controls 325 African American cases 234 2 African American controls",NA,"5364 European2667 African American or Afro-Caribbean",'-,5,NA
"Forno E",GCST001502,2012-05-02,"J Allergy Clin Immunol","Genome-wide association study of the age of onset of childhood asthma.","Asthma (childhood onset)","childhood onset asthma","573 European ancestry children","107 European ancestry children591 Hispanic children233 children","573 European","107 European591 Hispanic or Latin American233 NR",5,NA
"Ding L",GCST002088,2013-07-05,"Hum Genomics","Rank-based genome-wide analysis reveals the association of ryanodine receptor-2 gene variants with childhood asthma among human populations.","Asthma (childhood onset)","childhood onset asthma","429 European ancestry affected offspring trios","52 African American affected offspring trios46 Hispanic affected offspring trios","1287 European","138 Hispanic or Latin American156 African American or Afro-Caribbean",19,NA
"Sugier PE",GCST009236,2019-08-04,"Clin Exp Allergy","Genome-wide interaction study of early-life smoking exposure on time-to-asthma onset in childhood.","Asthma (time to childhood onset) in early life tobacco smoke exposure","childhood onset asthma, age at onset, environmental tobacco smoke exposure measurement","3,187 European ancestry individuals",NA,"3187 European",'-,1,NA
"Sugier PE",GCST009238,2019-08-04,"Clin Exp Allergy","Genome-wide interaction study of early-life smoking exposure on time-to-asthma onset in childhood.","Asthma (time to childhood onset) x early life tobacco smoke interaction","childhood onset asthma, age at onset, environmental tobacco smoke exposure measurement","3,187 European ancestry exposed individuals 5,086 European ancestry unexposed individuals",NA,"8273 European",'-,4,NA
"Ierodiakonou D",GCST008272,2019-04-26,"J Expo Sci Environ Epidemiol","Pathway analysis of a genome-wide gene by air pollution interaction study in asthmatic children.","Post-bronchodilator FEV1 x air pollution (CO) interaction in childhood asthma","childhood onset asthma, forced expiratory volume, traffic air pollution measurement","522 European ancestry children",NA,"522 European",'-,6,NA
"Ierodiakonou D",GCST008273,2019-04-26,"J Expo Sci Environ Epidemiol","Pathway analysis of a genome-wide gene by air pollution interaction study in asthmatic children.","Post-bronchodilator FEV1 x air pollution (NO2) interaction in childhood asthma","childhood onset asthma, forced expiratory volume, traffic air pollution measurement","522 European ancestry children","88 African-American children","522 European","88 African American or Afro-Caribbean",6,NA
"Wang RS",GCST009277,2019-09-26,"Clin Pharmacol Ther","Pharmacogenomics and Placebo Response in a Randomized Clinical Trial in Asthma.","Subjective response to placebo treatment in childhood asthma (change in cough/wheeze)","childhood onset asthma, respiratory symptom change measurement, response to placebo","250 European ancestry children",NA,"250 European",'-,11,NA
"Wang RS",GCST009276,2019-09-26,"Clin Pharmacol Ther","Pharmacogenomics and Placebo Response in a Randomized Clinical Trial in Asthma.","Response to placebo treatment in childhood asthma (FVC change)","childhood onset asthma, FVC change measurement, response to placebo","250 European ancestry children",NA,"250 European",'-,12,NA
"Ferreira MAR",GCST007799,2019-03-28,"Am J Hum Genet","Genetic Architectures of Childhood- and Adult-Onset Asthma Are Partly Distinct.","Asthma (adult onset)","adult onset asthma","26,582 European ancestry cases 300,671 European ancestry controls","16,297 European ancestry cases217,711 European ancestry controls","327253 European","234008 European",46,"FTP Download&nbsp;&nbsp;or&nbsp;&nbsp;API access"
"Schauberger EM",GCST001117,2011-06-20,"J Allergy Clin Immunol","Identification of ATPAF1 as a novel candidate gene for asthma in children.","Asthma (childhood onset)","childhood onset asthma","112 European ancestry child cases 165 European ancestry child controls","1,481 European ancestry individuals from 341 families429 European ancestry trios52 African American trios1,231 Hispanic trios46 trios6,475 European ancestry controls","277 European","156 African American or Afro-Caribbean138 Other9243 European3693 Hispanic or Latin American",0,NA
"Gref A",GCST003975,2016-11-30,"Am J Respir Crit Care Med","Genome-Wide Interaction Analysis of Air Pollution Exposure and Childhood Asthma with Functional Follow-up.","Childhood onset asthma (traffic air pollution exposure interaction)","childhood onset asthma, traffic air pollution measurement","454 European ancestry child cases 1,080 European ancestry child controls","692 European ancestry child cases1,096 European ancestry child controls","1534 European","1788 European",0,NA
"Bønnelykke K",GCST002275,2013-11-17,"Nat Genet","A genome-wide association study identifies CDHR3 as a susceptibility locus for early childhood asthma with severe exacerbations.","Asthma (childhood onset)","childhood onset asthma","1,173 European ancestry cases 2,511 European ancestry controls","395 European ancestry cases2,663 European ancestry controls63 TurkishSurinameseDutch AntilleanMoroccanCape Verdian and other ancestry cases917 TurkishSurinameseDutch AntilleanMoroccanCape Verdian and other ancestry controls6,783 cases7,720 controls","3684 European","3058 European980 NR, Other, Greater Middle Eastern (Middle Eastern, North African or Persian)14503 NR",6,NA
"Marenholz I",GCST003180,2015-11-06,"Nat Commun","Meta-analysis identifies seven susceptibility loci involved in the atopic march.","Atopic march","childhood onset asthma, atopic eczema, atopic march","1,151 European ancestry early-onset eczema and childhood asthma cases 10,030 European ancestry controls","1,277  European ancestry early-onset eczema and childhood asthma cases7,004  European ancestry controls","11181 European","8281 European",7,NA
"Ferreira MAR",GCST007800,2019-03-28,"Am J Hum Genet","Genetic Architectures of Childhood- and Adult-Onset Asthma Are Partly Distinct.","Asthma (childhood onset)","childhood onset asthma","13,962 European ancestry cases 300,671 European ancestry controls","31,759 European ancestry cases214,890 European ancestry controls","314633 European","246649 European",105,"FTP Download&nbsp;&nbsp;or&nbsp;&nbsp;API access"
"Demenais F",GCST005213,2017-12-22,"Nat Genet","Multiancestry association study identifies new asthma risk loci that colocalize with immune-cell enhancer marks.","Asthma (childhood onset)","childhood onset asthma","7,131 European ancestry cases 13,631 European ancestry controls 1,239 Japanese ancestry cases 3,976 Japanese ancestry controls 606 Latino cases 792 Latino controls",NA,"20762 European1398 Hispanic or Latin American5215 East Asian",'-,5,NA
"Dahlin A",GCST007599,2018-12-19,"J Allergy Clin Immunol","Large-scale, multi-ethnic genome-wide association study identifies novel loci contributing to asthma susceptibility in adults.","Adult asthma",asthma,"611 African American cases 1,915 African American controls","10,365 European ancestry cases16,110 European ancestry controlscases and controls (see Moffatt et al 2010)","2526 African American or Afro-Caribbean","26475 EuropeanNA NR",0,NA
"Dahlin A",GCST007598,2018-12-19,"J Allergy Clin Immunol","Large-scale, multi-ethnic genome-wide association study identifies novel loci contributing to asthma susceptibility in adults.","Adult asthma",asthma,"1,300 Asian ancestry cases 4,927 Asian ancestry controls","10,365 European ancestry cases16,110 European ancestry controlscases and controls (see Moffatt et al 2010)","6227 Asian unspecified","NA NR26475 European",0,NA
"Dahlin A",GCST007597,2018-12-19,"J Allergy Clin Immunol","Large-scale, multi-ethnic genome-wide association study identifies novel loci contributing to asthma susceptibility in adults.","Adult asthma",asthma,"1,320 Hispanic ancestry cases 4,007 Hispanic ancestry controls","10,365 European ancestry cases16,110 European ancestry controlscases and controls (see Moffatt et al 2010)","5327 Hispanic or Latin American","26475 EuropeanNA NR",0,NA
"Moss LC",GCST009434,2018-11-19,"Genet Epidemiol","Using Bayes model averaging to leverage both gene main effects and G ×  E interactions to identify genomic regions in genome-wide association studies.","Asthma x Hispanic interaction (2df)","Hispanic or Latin American, asthma","606 Hispanic cases 792 Hispanic controls 643 European ancestry cases 959 European ancestry controls",NA,"1398 Hispanic or Latin American1602 European",'-,4,NA
"Park HW",GCST002926,2015-05-27,"J Allergy Clin Immunol","Genetic risk factors for decreased bone mineral accretion in children with asthma receiving multiple oral corticosteroid bursts.","Bone mineral accretion in asthma (oral corticosteroid dose interaction)","bone mineral accretion measurement, response to corticosteroid, asthma","489 European ancestry children",NA,"489 European",'-,9,NA
"Dahlin A",GCST002979,2015-06-17,"PLoS One","Genome-Wide Association Study Identifies Novel Pharmacogenomic Loci For Therapeutic Response to Montelukast in Asthma.","Response to montelukast in asthma (change in FEV1)","FEV change measurement, response to montelukast, asthma","88 European ancestry cases 10 African ancestry cases 35 Asian ancestry cases","101 European ancestry cases33 African ancestry cases50 Asian ancestry cases","88 European10 African unspecified35 Asian unspecified","101 European33 African unspecified50 Asian unspecified",2,NA
"Zhu Z",GCST008920,2019-10-17,"Eur Respir J","Shared Genetics of Asthma and Mental Health Disorders: A Large-Scale Genome-Wide Cross-Trait Analysis.","Asthma and anxiety disorder","anxiety disorder, asthma","46,802 European ancestry asthma cases 5,710 European ancestry anxiety disorder cases 359,081 European ancestry controls",NA,"411593 European",'-,1,NA
"Dahlin A",GCST007596,2018-12-19,"J Allergy Clin Immunol","Large-scale, multi-ethnic genome-wide association study identifies novel loci contributing to asthma susceptibility in adults.","Adult asthma",asthma,"16,274 European ancestry cases 38,269 European ancestry controls","10,365 European ancestry cases16,110 European ancestry controlscases and controls (see Moffatt et al 2010)","54543 European","26475 EuropeanNA NR",3,NA
"Moss LC",GCST009435,2018-11-19,"Genet Epidemiol","Using Bayes model averaging to leverage both gene main effects and G ×  E interactions to identify genomic regions in genome-wide association studies.","Asthma x air pollution interaction (2df)","asthma, traffic air pollution measurement","606 Hispanic cases 792 Hispanic controls 643 European ancestry cases 959 European ancestry controls",NA,"1602 European1398 Hispanic or Latin American",'-,5,NA
"Vonk JM",GCST007423,2018-05-22,"Clin Exp Allergy","Novel genes and insights in complete asthma remission.","Clinical remission in asthma","remission, asthma","178 European ancestry remitted asthma cases 612 European ancestry persistent asthma controls","135 European ancestry remitted asthma cases321 European ancestry persistent asthma controls","790 European","456 European",0,NA
"Vonk JM",GCST007424,2018-05-22,"Clin Exp Allergy","Novel genes and insights in complete asthma remission.","Complete remission in asthma","remission, asthma","55 European ancestry remitted asthma cases 612 European ancestry persistent asthma controls","21 European ancestry remitted asthma cases321 European ancestry persistent asthma controls","667 European","342 European",1,NA
"Zhu Z",GCST009866,2019-10-24,"J Allergy Clin Immunol","Shared Genetic and Experimental Links between Obesity-Related Traits and Asthma Subtypes in UK Biobank.","Nonatopic asthma and/or BMI","body mass index, asthma","28,862 European ancestry cases 422,048 European ancestry controls 6,912 European ancestry individuals",NA,"457822 European",'-,10,NA
"Zhu Z",GCST009862,2019-10-24,"J Allergy Clin Immunol","Shared Genetic and Experimental Links between Obesity-Related Traits and Asthma Subtypes in UK Biobank.","Nonatopic asthma and/or waist-to-hip ratio adjusted for BMI","BMI-adjusted waist-hip ratio, asthma","28,862 European ancestry cases 422,048 European ancestry controls 6,780 European ancestry individuals",NA,"457690 European",'-,8,NA
"Zhu Z",GCST009851,2019-10-24,"J Allergy Clin Immunol","Shared Genetic and Experimental Links between Obesity-Related Traits and Asthma Subtypes in UK Biobank.","Nonatopic asthma or fasting insulin levels","asthma, fasting blood insulin measurement","28,862 European ancestry cases 422,048 European ancestry controls 51,750 European ancestry individuals",NA,"502660 European",'-,0,NA
"Zhu Z",GCST009843,2019-10-24,"J Allergy Clin Immunol","Shared Genetic and Experimental Links between Obesity-Related Traits and Asthma Subtypes in UK Biobank.","Nonatopic asthma or fasting glucose levels","fasting blood glucose measurement, asthma","28,862 European ancestry cases 422,048 European ancestry controls 58,047 European ancestry individuals",NA,"508957 European",'-,1,NA
"Brehm JM",GCST003110,2015-09-01,"Am J Respir Crit Care Med","A Genome-Wide Association Study of Post-bronchodilator Lung Function in Children with Asthma.","Post-bronchodilator lung function in asthma (FEV1)","pulmonary function measurement, forced expiratory volume, response to bronchodilator, asthma","447 Puerto Rican ancestry cases","568 Europeanblack or Hispanic cases2,414 Hispanic cases","447 Hispanic or Latin American","2414 Hispanic or Latin American568 European, Hispanic or Latin American, African unspecified",0,NA
"Brehm JM",GCST003107,2015-09-01,"Am J Respir Crit Care Med","A Genome-Wide Association Study of Post-bronchodilator Lung Function in Children with Asthma.","Post-bronchodilator lung function in asthma (FEV1/FVC)","pulmonary function measurement, response to bronchodilator, asthma, FEV/FEC ratio","447 Puerto Rican ancestry cases","568 Europeanblack or Hispanic cases2,414 Hispanic cases","447 Hispanic or Latin American","568 European, Hispanic or Latin American, African unspecified2414 Hispanic or Latin American",0,NA
"Dahlin A",GCST002951,2015-06-02,"Pharmacogenomics J","Genome-wide association study of leukotriene modifier response in asthma.","Response to zileuton treatment in asthma (FEV1 change interaction)","FEV change measurement, response to zileuton, asthma","160 European and other ancestry zileuton-treated cases 144 European and other ancestry placebo-controlled cases","149 European and other ancestry zileuton-treated cases73 European and other ancestry placebo-controlled cases","45 NR259 European","35 NR187 European",21,NA
"Sarnowski C",GCST008838,2016-04-06,"J Allergy Clin Immunol","Identification of a new locus at 16q12 associated with time to asthma onset.","Asthma (time to onset)","age at onset, asthma","5,462 European ancestry cases 8,424 European ancestry controls",NA,"13886 European",'-,10,NA
"Zhu Z",GCST008919,2019-10-17,"Eur Respir J","Shared Genetics of Asthma and Mental Health Disorders: A Large-Scale Genome-Wide Cross-Trait Analysis.","Asthma and attention deficit hyperactivity disorder","attention deficit hyperactivity disorder, asthma","46,802 European ancestry asthma cases 19,099 European ancestry attention deficit hyperactivity disorder cases 381,675 European ancestry controls",NA,"447576 European",'-,7,NA
"Zhu Z",GCST009857,2019-10-24,"J Allergy Clin Immunol","Shared Genetic and Experimental Links between Obesity-Related Traits and Asthma Subtypes in UK Biobank.","Nonatopic asthma or type 2 diabetes","type II diabetes mellitus, asthma","28,862 European ancestry asthma cases 422,048 European ancestry asthma controls 159,208 European ancestry diabetes cases and controls",NA,"610118 European",'-,5,NA
"Spear ML",GCST007360,2018-09-12,"Pharmacogenomics J","A genome-wide association and admixture mapping study of bronchodilator drug response in African Americans with asthma.","Bronchodilator response in asthma","response to bronchodilator, asthma","949 African American cases 1,830 Latino cases","1,615 African American cases416 Latino cases","949 African American or Afro-Caribbean1830 Hispanic or Latin American","416 Hispanic or Latin American1615 African American or Afro-Caribbean",0,NA
"Pividori M",GCST007994,2019-04-26,"Lancet Respir Med","Shared and distinct genetic risk factors for childhood-onset and adult-onset asthma: genome-wide and transcriptome-wide studies.","Asthma (age of onset)",asthma,"37,846 British ancestry individuals",NA,"37846 European",'-,31,NA
"Zhu Z",GCST008918,2019-10-17,"Eur Respir J","Shared Genetics of Asthma and Mental Health Disorders: A Large-Scale Genome-Wide Cross-Trait Analysis.","Asthma (adult onset)","adult onset asthma","22,296 European ancestry cases 347,481 European ancestry controls",NA,"369777 European",'-,0,"FTP Download"
"Johansson Å",GCST009716,2019-07-30,"Hum Mol Genet","Genome-wide association analysis of 350 000 Caucasians from the UK Biobank identifies novel loci for asthma, hay fever and eczema.","Allergic disease (asthma, hay fever or eczema)","Eczema, allergic rhinitis, asthma","106,772 European ancestry cases 239,773 European ancestry controls","83,335 cases34,934 controls","346545 European","118269 NR",85,NA
"Johansson Å",GCST009720,2019-07-30,"Hum Mol Genet","Genome-wide association analysis of 350 000 Caucasians from the UK Biobank identifies novel loci for asthma, hay fever and eczema.",Asthma,asthma,"41,926 European ancestry cases 239,773 European ancestry controls","10,365 cases16,100 controls","281699 European","26465 NR",101,NA
"Zhu Z",GCST008921,2019-10-17,"Eur Respir J","Shared Genetics of Asthma and Mental Health Disorders: A Large-Scale Genome-Wide Cross-Trait Analysis.","Asthma and major depressive disorder","unipolar depression, asthma","46,802 European ancestry asthma cases 59,851 European ancestry major depressive disorder cases 460,635 European ancestry controls",NA,"567288 European",'-,10,NA
"Zhu Z",GCST009845,2019-10-24,"J Allergy Clin Immunol","Shared Genetic and Experimental Links between Obesity-Related Traits and Asthma Subtypes in UK Biobank.","Nonatopic asthma",asthma,"28,862 European ancestry cases 422,048 European ancestry controls",NA,"450910 European",'-,109,NA
"Zhu Z",GCST009855,2019-10-24,"J Allergy Clin Immunol","Shared Genetic and Experimental Links between Obesity-Related Traits and Asthma Subtypes in UK Biobank.","Adult onset asthma or fasting insulin levels","adult onset asthma, fasting blood insulin measurement","33,418 European ancestry cases 393,186 European ancestry controls 51,750 European ancestry individuals",NA,"478354 European",'-,0,NA
"Zhu Z",GCST009848,2019-10-24,"J Allergy Clin Immunol","Shared Genetic and Experimental Links between Obesity-Related Traits and Asthma Subtypes in UK Biobank.","Adult onset asthma or fasting glucose levels","adult onset asthma, fasting blood glucose measurement","33,418 European ancestry cases 393,186 European ancestry controls 58,047 European ancestry individuals",NA,"484651 European",'-,1,NA
"Zhu Z",GCST009868,2019-10-24,"J Allergy Clin Immunol","Shared Genetic and Experimental Links between Obesity-Related Traits and Asthma Subtypes in UK Biobank.","Adult onset asthma and/or BMI","adult onset asthma, body mass index","33,418 European ancestry cases 393,186 European ancestry controls 31,218 European ancestry individuals",NA,"457822 European",'-,8,NA
"Zhu Z",GCST009865,2019-10-24,"J Allergy Clin Immunol","Shared Genetic and Experimental Links between Obesity-Related Traits and Asthma Subtypes in UK Biobank.","Adult onset asthma and/or waist-to-hip ratio adjusted for BMI","BMI-adjusted waist-hip ratio, adult onset asthma","33,418 European ancestry cases 393,186 European ancestry controls 31,086 European ancestry individuals",NA,"457690 European",'-,6,NA
"Zhu Z",GCST008916,2019-10-17,"Eur Respir J","Shared Genetics of Asthma and Mental Health Disorders: A Large-Scale Genome-Wide Cross-Trait Analysis.",Asthma,asthma,"46,802 European ancestry cases 347,481 European ancestry controls","23,948 European and unknown ancestry cases118,538 European and unknown ancestry controls","394283 European","142486 European, NR",130,"FTP Download"
"Pividori M",GCST007993,2019-04-26,"Lancet Respir Med","Shared and distinct genetic risk factors for childhood-onset and adult-onset asthma: genome-wide and transcriptome-wide studies.","Asthma (adult onset)","adult onset asthma","21,564 British ancestry cases 318,237 British ancestry controls",NA,"339801 European",'-,28,NA
"Zhu Z",GCST008917,2019-10-17,"Eur Respir J","Shared Genetics of Asthma and Mental Health Disorders: A Large-Scale Genome-Wide Cross-Trait Analysis.","Asthma (childhood onset)","childhood onset asthma","9,676 European ancestry cases 347,481 European ancestry controls",NA,"357157 European",'-,2,"FTP Download"
"Hawcutt DB",GCST005925,2018-03-15,"Lancet Respir Med","Susceptibility to corticosteroid-induced adrenal suppression: a genome-wide association study.","Baseline cortisol levels in response to low dose short synacthen test in corticosteroid treated asthma","childhood onset asthma, cortisol measurement, response to corticosteroid, response to synacthen","407 European ancestry child cases",NA,"407 European",'-,4,NA
"Hawcutt DB",GCST005926,2018-03-15,"Lancet Respir Med","Susceptibility to corticosteroid-induced adrenal suppression: a genome-wide association study.","Peak cortisol response to low dose short synacthen test in corticosteroid treated asthma","childhood onset asthma, cortisol measurement, response to corticosteroid, response to synacthen","407 European ancestry child cases",NA,"407 European",'-,6,NA
"Zhu Z",GCST009859,2019-10-24,"J Allergy Clin Immunol","Shared Genetic and Experimental Links between Obesity-Related Traits and Asthma Subtypes in UK Biobank.","Adult onset asthma or type 2 diabetes","adult onset asthma, type II diabetes mellitus","33,418 European ancestry asthma cases 393,186 European ancestry asthma controls 159,208 European ancestry diabetes cases and controls",NA,"585812 European",'-,6,NA
"Zhu Z",GCST009842,2019-10-24,"J Allergy Clin Immunol","Shared Genetic and Experimental Links between Obesity-Related Traits and Asthma Subtypes in UK Biobank.","Asthma (adult onset)","adult onset asthma","33,418 European ancestry cases 393,186 European ancestry controls",NA,"426604 European",'-,86,NA
"Zhu Z",GCST009850,2019-10-24,"J Allergy Clin Immunol","Shared Genetic and Experimental Links between Obesity-Related Traits and Asthma Subtypes in UK Biobank.","Atopic asthma","atopic asthma","23,982 European ancestry cases 393,169 European ancestry controls",NA,"417151 European",'-,198,NA
"Pividori M",GCST007995,2019-04-26,"Lancet Respir Med","Shared and distinct genetic risk factors for childhood-onset and adult-onset asthma: genome-wide and transcriptome-wide studies.","Asthma (childhood onset)","childhood onset asthma","9,433 British ancestry cases 318,237 British ancestry controls",NA,"327670 European",'-,64,NA
"Zhu Z",GCST009841,2019-10-24,"J Allergy Clin Immunol","Shared Genetic and Experimental Links between Obesity-Related Traits and Asthma Subtypes in UK Biobank.","Asthma (childhood onset)","childhood onset asthma","13,435 European ancestry cases 393,186 European ancestry controls",NA,"406621 European",'-,219,NA
